<?xml version="1.0" encoding="utf-8"?>
<ArrayOfOutputConfiguration xmlns:xsi="http://www.w3.org/2001/XMLSchema-instance" xmlns:xsd="http://www.w3.org/2001/XMLSchema">
  <OutputConfiguration>
    <commentVariableName>true</commentVariableName>
    <commentCharVisualizer>true</commentCharVisualizer>
    <commentCharDescriptor>true</commentCharDescriptor>
    <commentStyle>C</commentStyle>
    <bmpVisualizerChar>#</bmpVisualizerChar>
    <rotation>RotateZero</rotation>
    <flipHorizontal>true</flipHorizontal>
    <flipVertical>true</flipVertical>
    <paddingRemovalHorizontal>Fixed</paddingRemovalHorizontal>
    <paddingRemovalVertical>Tighest</paddingRemovalVertical>
    <lineWrap>AtColumn</lineWrap>
    <bitLayout>RowMajor</bitLayout>
    <byteOrder>MsbFirst</byteOrder>
    <byteFormat>Hex</byteFormat>
    <byteLeadingString>0x</byteLeadingString>
    <generateLookupArray>true</generateLookupArray>
    <descCharWidth>DisplayInBits</descCharWidth>
    <descCharHeight>DontDisplay</descCharHeight>
    <descFontHeight>DisplayInBytes</descFontHeight>
    <generateLookupBlocks>false</generateLookupBlocks>
    <lookupBlocksNewAfterCharCount>80</lookupBlocksNewAfterCharCount>
    <descImgWidth>DisplayInBits</descImgWidth>
    <descImgHeight>DisplayInBits</descImgHeight>
    <generateSpaceCharacterBitmap>false</generateSpaceCharacterBitmap>
    <spaceGenerationPixels>2</spaceGenerationPixels>
    <varNfBitmaps>const uint_8 {0}Bitmaps</varNfBitmaps>
    <varNfCharInfo>const FONT_CHAR_INFO {0}Descriptors</varNfCharInfo>
    <varNfFontInfo>const FONT_INFO {0}FontInfo</varNfFontInfo>
    <varNfWidth>const uint_8 {0}Width</varNfWidth>
    <varNfHeight>const uint_8 {0}Height</varNfHeight>
    <displayName>ECE353</displayName>
  </OutputConfiguration>
</ArrayOfOutputConfiguration>